{"cameraMode":{"drawMode":0,"name":"Shaded","section":"Shading Mode"},"sceneLighting":true,"audioPlay":false,"sceneViewState":{"m_AlwaysRefresh":false,"showFog":true,"showSkybox":true,"showFlares":true,"showImageEffects":true,"showParticleSystems":true,"showVisualEffectGraphs":true,"m_FxEnabled":true},"in2DMode":false,"pivot":{"x":-43.87342834472656,"y":17.51521110534668,"z":-22.091541290283204},"rotation":{"x":-0.16495001316070558,"y":-0.23706333339214326,"z":0.04140809550881386,"w":-0.9570293426513672},"size":3.2880725860595705,"orthographic":false}